"RT @PRFMnews: 19.03: RT @FadiyahMaghfira: Lampu merah perempatan Gedebage mati, lalu lintas jadi semrawut. #lalinBDG  Cc @dishub_kotabdg",lalin
RT @PRFMnews: 21.11: RT @BandungCC2016: Arus lalu lintas daerah Surapati Core terpantau masih padat. #lalinBDG https://t.co/uquCHyBL0I,lalin
21.11: RT @BandungCC2016: Arus lalu lintas daerah Surapati Core terpantau masih padat. #lalinBDG https://t.co/uquCHyBL0I,lalin
20.50: Depan RS Advent arah Cihampelas Walk lalu lintas tidak bergerak. (P. Opik). #lalinBDG https://t.co/X4wWQITJ2B,lalin
"@PRFMnews lalin katapang,soreang lancar jaya. Cuaca cerah #lalinBDG https://t.co/hjR0PS9Vqb",lalin
"@PRFMnews lalin katapang,soreang lancar jaya. Cuaca cerah #lalinBDG https://t.co/ADNm2xcRgk",lalin
"19.03: RT @FadiyahMaghfira: Lampu merah perempatan Gedebage mati, lalu lintas jadi semrawut. #lalinBDG  Cc @dishub_kotabdg",lalin
RT @PRFMnews: 17.27: RT @Widaning: Jalan Ibrahim Adjie dari Binong sampai Samsat Kiaracondong lancar jaya. #lalinBDG,lalin
18.55: RT @BandungCC2016: Arus lalu lintas daerah perempatan Jalan Jakarta terpantau ramai lancar. #lalinBDG https://t.co/QELSEPd4H8,lalin
RT @PRFMnews: 16.29: RT @ppkadaop2bd: Jalan Abdurahman Saleh di perlintasan Andir mulai padat. relawan masih mengatur.  #lalinBDG https://t‚Ä¶,lalin
18.50: RT @BandungCC2016: Arus lalin daerah Simpang Dago terpantau padat ke arah bawah. Arah atas lancar. #lalinBDG https://t.co/nVnJO5KOro,lalin
"18.44: RT @ErwinGoh1: Daerah BTC menuju Tol Pasteur lumayan padat merayap, weekend. Hati-hati. #lalinBDG https://t.co/HGqBy9ove5",lalin
"#lalinBDG 18.36 daerah btc menuju tol Pasteur lumayan padat merayap , weekend. Hati hati guys @infobdg @PRFMnews https://t.co/pKF1RYPJr9",lalin
"18.21: RT @dacil123: Lalu lintas Jalan Pasteur macet, mulai dari jembatan Pasupati. #lalinBDG https://t.co/H2KmG8FGQu",lalin
"18.09: RT @wds_16: Jalan PHH Mustofa kedua arah lancar walaupun agak tersendat, cuaca cerah. #lalinBDG https://t.co/m3FGDfg0sm",lalin
17.56: RT @ariefrerefauzha: Antara  lampu merah Jalan Laswi dan Jalan Sukabumi lalu lintas diam. #lalinBDG https://t.co/5bub5M3QEp,lalin
17.50: Sudah sejam macet di Terusan Jalan Jakarta depan Borma arah barat. (P. Djoko). #lalinBDG https://t.co/UsgiAx4WyC,lalin
17.44: RT Jalan Soekarno Hatta ke arah barat mendekati perempatan Jalan Moch Toha macet. (P. Mustawan). #lalinBDG https://t.co/tvXH7eRFU6,lalin
@PRFMnews Akar permasalahan pelanggaran #lalinBDG terutama pembiaran dan krn krg tegas aparat polisi sbg penegak hukum thdp pelanggar.,notlalin
17.27: RT @Widaning: Jalan Ibrahim Adjie dari Binong sampai Samsat Kiaracondong lancar jaya. #lalinBDG,lalin
RT @PRFMnews: 16.29: RT @ppkadaop2bd: Jalan Abdurahman Saleh di perlintasan Andir mulai padat. relawan masih mengatur.  #lalinBDG https://t‚Ä¶,lalin
"RT @PRFMnews: 16.57: RT @agamamino: Makanya pakai helm neng, lagi moment Operasi Zebra Lodaya 2016. #lalinBDG https://t.co/sI6wo8GGCv",notlalin
RT @PRFMnews: 16.59: RT @BandungCC2016: Arus lalin daerah Pasar Kordon - Ciwastra terpantau padat. #LalinBdg https://t.co/rPxe2nDnet,lalin
RT @PRFMnews: 17.20: RT @triclaksono: Kondisi lalu lintas di sekitar Pasar Astana Anyar ramai lancar. #lalinBDG https://t.co/a2aCcf0qJY,lalin
17.20: RT @triclaksono: Kondisi lalu lintas di sekitar Pasar Astana Anyar ramai lancar. #lalinBDG https://t.co/a2aCcf0qJY,lalin
"RT @Kel_PasirBiru: 25/11/16
Giat LINMAS @Kel_PasirBiru mengatur #lalinBDG sore di Jl.AH Nasution.
Cc @ridwankamil @KecamatanCibiru @PemumBd‚Ä¶",notlalin
RT @PRFMnews: 16.59: RT @BandungCC2016: Arus lalin daerah Pasar Kordon - Ciwastra terpantau padat. #LalinBdg https://t.co/rPxe2nDnet,lalin
16.59: RT @BandungCC2016: Arus lalin daerah Pasar Kordon - Ciwastra terpantau padat. #LalinBdg https://t.co/rPxe2nDnet,lalin
"25/11/16
Giat LINMAS @Kel_PasirBiru mengatur #lalinBDG sore di Jl.AH Nasution.
Cc @ridwankamil @KecamatanCibiru‚Ä¶ https://t.co/qnRmYlgexy",notlalin
16.57: RT @BandungCC2016: Arus lalu lintas daerah Gasibu terpantau cukup padat.  #lalinBDG https://t.co/iC41KCV7OG,lalin
"16.57: RT @agamamino: Makanya pakai helm neng, lagi moment Operasi Zebra Lodaya 2016. #lalinBDG https://t.co/sI6wo8GGCv",notlalin
RT @infobdg: #lalinBDG 16.26 : lalu lintas Jl. Laswi arah Gatsu macet. Patuhi rambu lalu lintasnya ya taruwit. https://t.co/Bg0CEHrB2s,lalin
RT @PRFMnews: 16.29: RT @ppkadaop2bd: Jalan Abdurahman Saleh di perlintasan Andir mulai padat. relawan masih mengatur.  #lalinBDG https://t‚Ä¶,lalin
16.29: RT @ppkadaop2bd: Jalan Abdurahman Saleh di perlintasan Andir mulai padat. relawan masih mengatur.  #lalinBDG https://t.co/ONam3J6u3J,lalin
#lalinBDG 16.26 : lalu lintas Jl. Laswi arah Gatsu macet. Patuhi rambu lalu lintasnya ya taruwit. https://t.co/Bg0CEHrB2s,lalin
"16.19: Jalan PHH Mustofa arah lampu merah Jalan Pahlawan padat, biasanya di depan RM Ampera Pak Ogah suka mengatur‚Ä¶ https://t.co/YGp096sgYP",lalin
"RT @PRFMnews: 16.15: RT @seblakseblok: Jalan Pajajaran arah IP macet pisan, ujung macet sampai stopan Husein.  #lalinBDG https://t.co/JDM5i‚Ä¶",lalin
"16.15: RT @seblakseblok: Jalan Pajajaran arah IP macet pisan, ujung macet sampai stopan Husein.  #lalinBDG https://t.co/JDM5ixU1ZF",lalin
@SyaifulAndy Jl. PHH Mustofa depan Surapati Core terpantau lancar #lalinBDG,lalin
RT @PRFMnews: 15:35: RT @BandungCC2016: Perempatan Pahlawan arah Jl. PHH Mustofa terpantau macet #LalinBdg https://t.co/50jca3bu4a,lalin
15:35: RT @BandungCC2016: Perempatan Pahlawan arah Jl. PHH Mustofa terpantau macet #LalinBdg https://t.co/50jca3bu4a,lalin
15:35 Perempatan Pahlawan arah Jl. PHH Mustofa terpantau macet #lalinBDG @tmc_restabesbdg @dishub_kotabdg @PRFMnews‚Ä¶ https://t.co/JZFoQbgJx9,lalin
#lalinBDG 14.51: Arus lalin daerah Surapati Core trpntau lncar ke 2 jalur&amp; berhati2 hujan sdh turun | @BandungCC2016 https://t.co/eaiPt3lyAT,lalin
#lalinBDG 14.50: Arus lalin daerah Setiabudhi arah ke lembang dan sebaliknya terpantau ramai | @BandungCC2016 https://t.co/gOiaX1K9yH,lalin
RT @infobdg: #lalinBDG 14.39: Arus lalin daerah Cicabe - Cicaheum terpantau ramai dan lancar dijalur sebaliknya | @BandungCC2016 https://t.‚Ä¶,lalin
#lalinBDG 14.39: Arus lalin daerah Cicabe - Cicaheum terpantau ramai dan lancar dijalur sebaliknya | @BandungCC2016 https://t.co/4GU0ZpDLvI,lalin
#lalinBDG 14.37: Arus lalin daerah Cimindi dan daerah Kebon Kopi terpantau ramai lancar | @BandungCC2016 https://t.co/wPOlZI9nnc,lalin
@RadioElshinta @NTMCLantasPolri Selepas angkiot2 ngetem d Setiabudi baru lancar. #lalinBDG https://t.co/TCbcHilScA,lalin
"#lalinBDG #cuacaBDG 8:06 jalan pelajar pejuang - BKR ramai lancar dan mendung, siap siaga hujan https://t.co/9jY6wA93o6",lalin
#lalinBDG 7.48 : Arus lalin daerah Surapati Core dan daerah Gasibu terpantau ramai lancar | @BandungCC2016 https://t.co/JWDVPEHCkL,lalin
RT @BandungCC2016: 07.25 Arus lalin daerah Suniaraja - Pasar Baru terpantau lancar jaya @PRFMnews @infobdg @tmc_restabesbdg #lalinBDG https‚Ä¶,lalin
"7.25 RT @kang_mumuy
Lalin jl trs Jakarta arah perempatan Kircon macet mulai dari pertigaan kalijati, cuaca mendung #lalinbdg #cuacabdg",lalin
07.28 Arus lalin per4an Buahbatu - Soetta terpantau ramai disetiap per4an @PRFMnews @infobdg @tmc_restabesbdg‚Ä¶ https://t.co/r206vF7493,lalin
07.25 Arus lalin daerah Suniaraja - Pasar Baru terpantau lancar jaya @PRFMnews @infobdg @tmc_restabesbdg #lalinBDG https://t.co/u7hApWp4lA,lalin
07.23 Arus lalin daerah Braga terpantau lancar dipagi yg cerah ini @PRFMnews @infobdg @tmc_restabesbdg #lalinBDG https://t.co/NPgEYsdj4v,lalin
"7.25 terusan jakarta arah perempatan kircon macet mulai dari pertigaan kalijati, cuaca mendung @PRFMnews #lalinbdg #cuacabdg",lalin
"RT @infobdg: #lalinBDG 11.01: Demo buruh, long march di jalan Merdeka Balai Kota https://t.co/YXc7ipIZVQ",notlalin
RT @infobdg: #lalinBDG 18.15 : Jln suci hujan deras plus angin di tambah maceet https://t.co/YoM571ECVP,lalin
RT @PRFMnews: 18.21: RT @oetjhoen: Soekarno Hatta dari Buah batu arah ke samsat macetnya ampun... pengen nangis!üò≠ #LalinBdg https://t.co/MG‚Ä¶,lalin
RT @PRFMnews: 18.25: RT @vdCloser: Jln Hasan Saputra - Salendro macet parah arah Karawitan #LalinBdg,lalin
RT @PRFMnews: 18.32: RT @kenziihimura: Perempatan Otista (Pasar Baru) - Jalan Asia Afrika - Jalan Sudirman juara macetnya. #lalinBDG https:‚Ä¶,lalin
RT @infobdg: #lalinBDG 18.55 : Soekarno hatta arah ke kircon macet | @IzzyRenjana https://t.co/Dh8BkP3O9p,lalin
"18.55: RT @bambangSud: Terusan Kiaracondong arah utara macet total, sudah 40 menit hampir tidak bergerak. #lalinBDG",lalin
#lalinBDG 18.55 : Soekarno hatta arah ke kircon macet | @IzzyRenjana https://t.co/Dh8BkP3O9p,lalin
RT @BandungCC2016: 18:07 Jl. Supratman arah Cicadas terpantau padat #lalinBDG @tmc_restabesbdg @dishub_kotabdg @PRFMnews @infobdg @infoband‚Ä¶,lalin
RT @PRFMnews: 18.21: RT @oetjhoen: Soekarno Hatta dari Buah batu arah ke samsat macetnya ampun... pengen nangis!üò≠ #LalinBdg https://t.co/MG‚Ä¶,lalin
RT @PRFMnews: 18.25: RT @vdCloser: Jln Hasan Saputra - Salendro macet parah arah Karawitan #LalinBdg,lalin
RT @PRFMnews: 18.32: RT @kenziihimura: Perempatan Otista (Pasar Baru) - Jalan Asia Afrika - Jalan Sudirman juara macetnya. #lalinBDG https:‚Ä¶,lalin
RT @infobdg: #lalinBDG 18.15 : Jln suci hujan deras plus angin di tambah maceet https://t.co/YoM571ECVP,lalin
18.32: RT @kenziihimura: Perempatan Otista (Pasar Baru) - Jalan Asia Afrika - Jalan Sudirman juara macetnya.‚Ä¶ https://t.co/F6eyj4a5cm,lalin
18.25: RT @vdCloser: Jln Hasan Saputra - Salendro macet parah arah Karawitan #LalinBdg,lalin
18.21: RT @oetjhoen: Soekarno Hatta dari Buah batu arah ke samsat macetnya ampun... pengen nangis!üò≠ #LalinBdg https://t.co/MG7IuxH7Ir,lalin
RT @infobdg: #lalinBDG 18.15 : Jln suci hujan deras plus angin di tambah maceet https://t.co/YoM571ECVP,lalin
"RT @PRFMnews: 18.02: RT @GianVialli: Exit Tol Buah Batu menuju perempatan Buah Batu ditempuh dengan waktu 1jam, juara. #lalinBDG https://t.‚Ä¶",notlalin
#lalinBDG 18.15 : Jln suci hujan deras plus angin di tambah maceet https://t.co/YoM571ECVP,lalin
18.08: RT @BandungCC2016: Jalan Supratman arah Cicadas terpantau padat. #lalinBDG https://t.co/jZT6cLyvkT,lalin
18:07 Jl. Supratman arah Cicadas terpantau padat #lalinBDG @tmc_restabesbdg @dishub_kotabdg @PRFMnews @infobdg‚Ä¶ https://t.co/9tWQUNCUFm,lalin
"18.02: RT @GianVialli: Exit Tol Buah Batu menuju perempatan Buah Batu ditempuh dengan waktu 1jam, juara. #lalinBDG https://t.co/7GvMl8aXLE",notlalin
17.58: RT @BandungCC2016: Arus lalu lintas daerah Jalan Pahlawan terpantau padat ke Jalan Katamso. #lalinBDG  https://t.co/o7BSkRyciY,lalin
17.54: Mobil mogok posisi depan Disnaker Jalan Ssoekarno Hatta arah Carrefour kondisi lalu lintas jalur lambat terh‚Ä¶ https://t.co/48ZUiVVVZ7,lalin
17.54: RT @BandungCC2016: Arus lalin daerah Pahlawan terpantau padat ke katamso #LalinBdg #BCC https://t.co/o7BSkRyciY,lalin
"RT @PRFMnews: 17.38: Jalan layang Pasupati arah Gasibu macet, kepadatan kendaraan sejak Balubur Town Square. (P. Rudy). #lalinBDG https://t‚Ä¶",lalin
"RT @PRFMnews: 17:37: kawasan Cicaheum sampai Cileunyi lancar jaya, arah sebaliknya sama cuaca mendung. (P. Herlan). #lalinBDG https://t.co/‚Ä¶",lalin
RT @PRFMnews: 17.02: RT @BandungCC2016: Arus  lalu lintas daerah Jalan Sudirman terpantau ramai lancar. #lalinBDG  https://t.co/3nunMJAAsK,lalin
"RT @PRFMnews: 16.51: RT @BandungCC2016: Antapani macet, diberlakukan rekayasa jalan di proyek jembatan layang. #lalinBDG  https://t.co/yedt‚Ä¶",lalin
"RT @PRFMnews: 17.38: Jalan layang Pasupati arah Gasibu macet, kepadatan kendaraan sejak Balubur Town Square. (P. Rudy). #lalinBDG https://t‚Ä¶",lalin
"17:37: kawasan Cicaheum sampai Cileunyi lancar jaya, arah sebaliknya sama cuaca mendung. (P. Herlan). #lalinBDG https://t.co/OpNtNwEfnR",lalin
"RT @PRFMnews: 17.38: Jalan layang Pasupati arah Gasibu macet, kepadatan kendaraan sejak Balubur Town Square. (P. Rudy). #lalinBDG https://t‚Ä¶",lalin
"17.38: Jalan layang Pasupati arah Gasibu macet, kepadatan kendaraan sejak Balubur Town Square. (P. Rudy). #lalinBDG https://t.co/3t0cMX3ZZf",lalin
RT @angki_lfc: Perempatan jalan padasuka-suci ramai lancar @infobandung @PRFMnews #lalinBDG https://t.co/D9bNbTYbK9,lalin
"17.37: RT @Kamal_fauzan: Jalan Salendro padat, cuaca mendung, kemacetan hingga mendekati Jalan Turangga. #lalinBDG https://t.co/6RiZ3UcpwA",lalin
17.36: RT @angki_lfc: Perempatan Jalan Padasuka - Jalan Suci ramai lancar. #lalinBDG https://t.co/NFl6FzMPq7,lalin
Perempatan jalan padasuka-suci ramai lancar @infobandung @PRFMnews #lalinBDG https://t.co/D9bNbTYbK9,lalin
"RT @PRFMnews: 16.51: RT @BandungCC2016: Antapani macet, diberlakukan rekayasa jalan di proyek jembatan layang. #lalinBDG  https://t.co/yedt‚Ä¶",lalin
17.33 RT PRFMnews Jalan Setiabudi depan Griya arah Ledeng efek yang mau ke Gegerkalong. #lalinBDG https://t.co/v4lkUnIor5,notlalin
17.31 RT PRFMnews Kel_PasirBiru: Giat Linmas mengatur lalu lintas sore di Jalan AH. Nasution. #lalinBDG https://t.co/HaiXmallhv,notlalin
RT @PRFMnews: 17.18: RT @koes_ro: Lalu lintas semrawut di putaran Jalan Sulanjana - Jalan Tamansari tidak ada petugas. #lalinBDG https://t.‚Ä¶,lalin
RT @PRFMnews: 16.52: RT @marselldea: Jalan Soekarno Hatta masih macet. #lalinBDG   https://t.co/HCwFHBwoWY,lalin
"RT @PRFMnews: 17.16: RT @vhii_novi23: Jalan Buah Batu arah Carrefour macet parah, semrawut di perempat Buah Batu. #lalinBDG Cc @tmc_restabe‚Ä¶",lalin
RT @PRFMnews: 17.18: RT @koes_ro: Lalu lintas semrawut di putaran Jalan Sulanjana - Jalan Tamansari tidak ada petugas. #lalinBDG https://t.‚Ä¶,lalin
RT @PRFMnews: 17.26: RT @glennvalentino: Jalan Setiabudi depan Griya arah Ledeng efek yang mau ke Gegerkalong. #lalinBDG https://t.co/ECvgI‚Ä¶,lalin
RT @PRFMnews: 17.29: RT @Kel_PasirBiru: Giat Linmas @Kel_PasirBiru mengatur lalu lintas sore di Jalan AH. Nasution. #lalinBDG https://t.co/‚Ä¶,lalin
17.29: RT @Kel_PasirBiru: Giat Linmas @Kel_PasirBiru mengatur lalu lintas sore di Jalan AH. Nasution. #lalinBDG https://t.co/XR8wYaI1Mf,lalin
17.26: RT @glennvalentino: Jalan Setiabudi depan Griya arah Ledeng efek yang mau ke Gegerkalong. #lalinBDG https://t.co/ECvgIkW6bn,lalin
"RT @infobdg: #lalinBDG 14.30: di lampu merah S.hatta-Bubat arah Samsat padat merayap, Ngaheab | @siouutay https://t.co/O70pzVE5cR",lalin
RT @PRFMnews: 16.29: RT @yudik59: Dari Jalan Batununggal sampai Jalan Buah Batu 1 jam mantap. #lalinBDG,notlalin
"RT @PRFMnews: 17.16: RT @vhii_novi23: Jalan Buah Batu arah Carrefour macet parah, semrawut di perempat Buah Batu. #lalinBDG Cc @tmc_restabe‚Ä¶",lalin
17.18: RT @koes_ro: Lalu lintas semrawut di putaran Jalan Sulanjana - Jalan Tamansari tidak ada petugas. #lalinBDG https://t.co/jyEBpyxRxS,lalin
"17.16: RT @vhii_novi23: Jalan Buah Batu arah Carrefour macet parah, semrawut di perempat Buah Batu. #lalinBDG Cc @tmc_restabesbdg",lalin
@PRFMnews pabeulit di putaran sulanjana - taman sari gak ada petugas #lalinBDG https://t.co/65l3EKWRd5,lalin
17.02: RT @BandungCC2016: Arus  lalu lintas daerah Jalan Sudirman terpantau ramai lancar. #lalinBDG  https://t.co/3nunMJAAsK,lalin
#lalinBDG 17.02: daerah Sudirman terpantau ramai lancar | @BandungCC2016 https://t.co/RfVeuFzJmL,lalin
"RT @infobdg: #lalinBDG 16.57: Antapani macet, diberlakukan rekayasa jalan di proyek jembatan layang | @BandungCC2016 https://t.co/R5rg2EX0po",lalin
"#lalinBDG 16.57: Antapani macet, diberlakukan rekayasa jalan di proyek jembatan layang | @BandungCC2016 https://t.co/R5rg2EX0po",lalin
#lalinBDG 16.56: daerah Surapati Core terpantau padat | @BandungCC2016 https://t.co/Zh0BKDZ0q7,lalin
"16.52 Wib RT PRFMnews  Antapani macet, diberlakukan rekayasa jalan di proyek jembatan layang. #lalinBDG  https://t.co/u8B5xdzg2h",lalin
RT @PRFMnews: 16.52: RT @marselldea: Jalan Soekarno Hatta masih macet. #lalinBDG   https://t.co/HCwFHBwoWY,lalin
16.52: RT @marselldea: Jalan Soekarno Hatta masih macet. #lalinBDG   https://t.co/HCwFHBwoWY,lalin
"16.51: RT @BandungCC2016: Antapani macet, diberlakukan rekayasa jalan di proyek jembatan layang. #lalinBDG  https://t.co/yedtNiJZRM",lalin
16.50: RT @BandungCC2016: Arus lalu lintas daerah Antapani terpantau padat di kedua arah. #lalinBDG  https://t.co/xrd0X8NAbQ,lalin
"16:50 Antapani macet, diberlakukan rekayasa jalan di proyek jembatan layang @tmc_restabesbdg @dishub_kotabdg‚Ä¶ https://t.co/PMP0JIaAXh",lalin
"16.50: RT @christantina93: Jalan layang Pasupati arah Jalan Pasteur macet parah, maju sedikit-sedikit. #lalinBDG https://t.co/f840zgRqqL",lalin
16.49: RT @BandungCC2016: Arus lalu lintas daerah Surapati Core terpantau padat. #lalinBDG https://t.co/w12OpYlE7Y,lalin
16.40 Operasi zebra @Polres_Cimahi  meninbulkan kemacetan sampai fly over cimindi. #lalinBDG @PRFMnews,lalin
16.39: RT @_ujangkemod: Lalu lintas di Pasar Baru selalu begini hampir sepanjang hari. #lalinBDG https://t.co/VRQ9lqzZ6i,lalin
RT @PRFMnews: 16.29: RT @yudik59: Dari Jalan Batununggal sampai Jalan Buah Batu 1 jam mantap. #lalinBDG,notlalin
16.29: RT @yudik59: Dari Jalan Batununggal sampai Jalan Buah Batu 1 jam mantap. #lalinBDG,notlalin
RT @swarapublik: 15.05 RT BandungCC2016 perempatan Jl. Jakarta terpantau padat dari cicadas PRFMnews infobdg #lalinBDG https://t.co/Fm3gX4F‚Ä¶,lalin
RT @swarapublik: 15.05 RT BandungCC2016 perempatan Jl. Jakarta terpantau padat dari cicadas PRFMnews infobdg #lalinBDG https://t.co/Fm3gX4F‚Ä¶,lalin
15.05 RT BandungCC2016 perempatan Jl. Jakarta terpantau padat dari cicadas PRFMnews infobdg #lalinBDG https://t.co/Fm3gX4FuXu,lalin
15.03 Arus lalin daerah Soetta-Buah Batu dan Soetta-Kiaracondong terpantau padat @PRFMnews @tmc_restabesbdg‚Ä¶ https://t.co/mAMSbzhLDt,lalin
15.00 Arus lalin daerah perempatan Jl. Jakarta terpantau padat dari cicadas @PRFMnews @tmc_restabesbdg @infobdg‚Ä¶ https://t.co/qWXLoVhgbr,lalin
"RT @infobdg: #lalinBDG 14.30: di lampu merah S.hatta-Bubat arah Samsat padat merayap, Ngaheab | @siouutay https://t.co/O70pzVE5cR",lalin
"#lalinBDG 14.30: di lampu merah S.hatta-Bubat arah Samsat padat merayap, Ngaheab | @siouutay https://t.co/O70pzVE5cR",lalin
Kondisi terkini laporan pandangan mata di lampu merah S.hatta-Bubat arah Samsat.. Ngaheab.. üòÅ @PRFMnews @infobdg‚Ä¶ https://t.co/EuopdUNWa7,lalin
RT @infobdg: #lalinBDG 11.42: Arus lalin daerah Suniaraja - Pasar Baru ABC terpantau padat harap bersabar | @BandungCC2016 https://t.co/452‚Ä¶,lalin
"RT @kangtris: Suasana Jalan Telaga bodas, bandung, cukup lengang #lalinBDG @PRFMnews https://t.co/BDqW9zxFQp",lalin
"Suasana Jalan Telaga bodas, bandung, cukup lengang #lalinBDG @PRFMnews https://t.co/BDqW9zxFQp",lalin
RT @infobdg: #lalinBDG 17.00 : Jl. Burangrang ramai lancar https://t.co/z8Lxsdyn4x,lalin
#WartaBDG via @BandungCC2016: Unjuk rasa bergerak dari Jl. Merdeka menuju Jl. Aceh #lalinBDG @sekitarbdg_ https://t.co/TXVVhpfeRq,notlalin
RT @infobdg: #lalinBDG 16.12 : Arus lalin daerah Setiabudi terpantau masih lancar | @BandungCC2016 https://t.co/7PUmEGy79c,lalin
RT @infobdg: #lalinBDG 12.21: Unjuk rasa bergerak dari Jl. Merdeka menuju Jl. Aceh | @BandungCC2016 https://t.co/eQXGeZSsqx,lalin
RT @infobdg: #lalinBDG 12.21: Unjuk rasa bergerak dari Jl. Merdeka menuju Jl. Aceh | @BandungCC2016 https://t.co/eQXGeZSsqx,lalin
#lalinBDG 12.21: Unjuk rasa bergerak dari Jl. Merdeka menuju Jl. Aceh | @BandungCC2016 https://t.co/eQXGeZSsqx,lalin
12:12 Unjuk rasa bergerak dari Jl. Merdeka menuju Jl. Aceh #lalinBDG @tmc_restabesbdg @PRFMnews @infobdg‚Ä¶ https://t.co/Z9EJPs2QJY,lalin
"12:08 Ruas Jl. Merdeka sebelah kiri terhalang unjuk rasa, lalin lancar @tmc_restabesbdg @dishub_kotabdg @PRFMnews‚Ä¶ https://t.co/Q7SbmYsJar",lalin
#lalinBDG 11.59: Arus lalin daerah Merdeka - Aceh terpantau padat terkendali | @BandungCC2016 https://t.co/yrTcGYeSal,lalin
11.52 Arus lalin daerah Merdeka - Aceh terpantau padat terkendali @PRFMnews @tmc_restabesbdg @infobdg #lalinBDG https://t.co/GSy7cUh5pY,lalin
RT @infobdg: #lalinBDG 11.42: Arus lalin daerah Suniaraja - Pasar Baru ABC terpantau padat harap bersabar | @BandungCC2016 https://t.co/452‚Ä¶,lalin
#lalinBDG 11.43: Arus lalin daerah Braga terpantau lancar | @BandungCC2016 https://t.co/T9plyB7uwq,lalin
#lalinBDG 11.42: Arus lalin daerah Suniaraja - Pasar Baru ABC terpantau padat harap bersabar | @BandungCC2016 https://t.co/452Y9sQdWV,lalin
11.40 Arus lalin daerah Braga terpantau lancar @PRFMnews @tmc_restabesbdg @infobdg #lalinBDG https://t.co/TYazuAx8Vi,lalin
RT @infobdg: #lalinBDG 10.08: Arus lalin daerah Antapani menuju per4an trpntau padat &amp; lncr di jalur sebaliknya | @BandungCC2016 https://t.‚Ä¶,lalin
RT @infobdg: #lalinBDG 10.08: Arus lalin daerah Antapani menuju per4an trpntau padat &amp; lncr di jalur sebaliknya | @BandungCC2016 https://t.‚Ä¶,lalin
infobdg: #lalinBDG 10.08: Arus lalin daerah Antapani menuju per4an trpntau padat &amp; lncr di jalur sebaliknya | Band‚Ä¶ https://t.co/z22VqWWFsf,lalin
#lalinBDG 10.08: Arus lalin daerah Antapani menuju per4an trpntau padat &amp; lncr di jalur sebaliknya | @BandungCC2016 https://t.co/273li6GRJy,lalin
RT @infobdg: #lalinBDG 09.53: suci arah pasupati terpantau padat merayap https://t.co/yO8gItSNwr,lalin
RT @infobdg: #lalinBDG 09.53: suci arah pasupati terpantau padat merayap https://t.co/yO8gItSNwr,lalin
#lalinBDG 09.53: suci arah pasupati terpantau padat merayap https://t.co/yO8gItSNwr,lalin
RT @PRFMnews: 16.17: RT @eka_shafia: Antrian di Gatsu ke arah TSM. Langit semi mendung #LalinBdg https://t.co/TO29TUmtKd,lalin
"7.09 RT @kang_mumuy
macet 200m di parakan saat menuju pertigaan cingised mulai dari SD Prakarsa, cuaca gerimis ringan #lalinbdg #cuacabdg",lalin
"7.09 macet 200m di parakan saat menuju pertigaan cingised mulai dari SD Prakarsa, cuaca gerimis ringan @PRFMnews #lalinbdg #cuacabdg",lalin
RT @infobdg: #lalinBDG 15.39 : Buah Batu arah Soekarno-Hatta padat. Sebaliknya ramai lancar https://t.co/JOEttiB1ox,lalin
RT @infobdg: #lalinBDG 16.11 :  Arus lalin daerah Antapani terpantau mulai padat | @BandungCC2016 https://t.co/5UpbWA1D9P,lalin
RT @infobdg: #lalinBDG 16.24 : arus lalin daerah Moh. Toha - BKR terpantau ramai lancar. cuaca gerimis | @BandungCC2016 https://t.co/22R0fk‚Ä¶,lalin
RT @infobdg: #lalinBDG 16.25 : Daerah Soetta-Kiaracondong terpantau padat dan sedang diberlakukan rekayasa | @BandungCC2016 https://t.co/dg‚Ä¶,lalin
RT @infobdg: #lalinBDG 16.44 : Flyover Kiara Condong arah Binong macet parah. Byk kendaraan putar balik. Hati-hati taruwit https://t.co/alB‚Ä¶,lalin
RT @infobdg: #lalinBDG 17.03 : Kiaracondong menuju traffic light Binong macet https://t.co/AFeANokF4n,lalin
RT @infobdg: #lalinBDG 20.34 : arus lalin daerah Soetta-Kiaracondong terpantau masih padat | @BandungCC2016  https://t.co/0bQdd0V9It,lalin
RT @infobdg: #lalinBDG 17.25 : Jl. Ibrahim Adjie arah Soekarno-Hatta macet. Tetap sabar taruwit https://t.co/7c5X45pZLH,lalin
"@PRFMnews hati2 dengan mobil ini, bawanya ugal-ugalan di jalan dago arah merdeka. #lalinBDG https://t.co/ueRhrcdI4A",notlalin
"21.42: RT @irsan_zakaria: Samsat Kiaracondong arah Buah Batu macet parah, cuaca hujan gerimis. #lalinBDG",lalin
20.54: RT @taufikfathur: Kendala kepadatan di Bypass Buah Batu - Kiaracondong ada truk double engkel mogok di kanan jalan. #lalinBDG,lalin
RT @infobdg: #lalinBDG 20.34 : arus lalin daerah Soetta-Kiaracondong terpantau masih padat | @BandungCC2016  https://t.co/0bQdd0V9It,lalin
RT @infobdg: #lalinBDG 20.34 : arus lalin daerah Soetta-Kiaracondong terpantau masih padat | @BandungCC2016  https://t.co/0bQdd0V9It,lalin
#lalinBDG 20.34 : arus lalin daerah Soetta-Kiaracondong terpantau masih padat | @BandungCC2016  https://t.co/0bQdd0V9It,lalin
20.09: RT @BandungCC2016: Arus lalu lintas daerah Jalan Soekarno Hatta-Kiaracondong terpantau masih padat. #lalinBDG https://t.co/f9xrV4TJfw,lalin
20.07: RT @BandungCC2016: Arus lalu lintas daerah Jalan Soekarno Hatta-Kiaracondong terpantau masih padat. #lalinBDG https://t.co/oNY8m10nuq,lalin
RT @infobdg: #lalinBDG 16.25 : Daerah Soetta-Kiaracondong terpantau padat dan sedang diberlakukan rekayasa | @BandungCC2016 https://t.co/dg‚Ä¶,lalin
"RT @PRFMnews: 17.14: RT @harypentoz: Pelanggaran massal, kalau diklaksonin galakan dia, lokasi di rel KA Kosambi. #lalinBDG https://t.co/Ue‚Ä¶",notlalin
RT @infobdg: #lalinBDG 16.44 : Flyover Kiara Condong arah Binong macet parah. Byk kendaraan putar balik. Hati-hati taruwit https://t.co/alB‚Ä¶,lalin
RT @infobdg: #lalinBDG 17.25 : Jl. Ibrahim Adjie arah Soekarno-Hatta macet. Tetap sabar taruwit https://t.co/7c5X45pZLH,lalin
18.11: RT @BandungCC2016: Arus lalu lintas daerah Surapati Core terpantau padat merayap. #lalinBDG https://t.co/7esqjWIvEj,lalin
#lalinBDG 18.10 : Arus lalin daerah Surapati Core terpantau padat merayap | @BandungCC2016   https://t.co/uQBytvPK5C,lalin
"RT @PRFMnews: 17.14: RT @harypentoz: Pelanggaran massal, kalau diklaksonin galakan dia, lokasi di rel KA Kosambi. #lalinBDG https://t.co/Ue‚Ä¶",notlalin
18.07 Arus lalin daerah Surapati Core terpantau padat merayap @PRFMnews @infobdg @tmc_restabesbdg #lalinBDG https://t.co/6dD60KPWB0,lalin
RT @infobdg: #lalinBDG 17.03 : Kiaracondong menuju traffic light Binong macet https://t.co/AFeANokF4n,lalin
"17.36: RT @dhonnyaja: Jl.ir.h.Djuanda depan BCA, agak macet, cuaca bersahabat. Hati2 ada pekerjaan trotoar #LalinBdg https://t.co/7KiDwiPR5U",lalin
"17.34 RT PRFMnews Pintu Toll Pasirkoja lancar, tapi setelah pintu tol ada antrian. #lalinbdg https://t.co/XKn7HRT2Us",lalin
"17.32 | Anto:
Pintu Toll Pasirkoja lancar, tapi setelah pintu tol ada antrian. #lalinbdg https://t.co/A6XREVpUbM",lalin
RT @infobdg: #lalinBDG 17.25 : Jl. Ibrahim Adjie arah Soekarno-Hatta macet. Tetap sabar taruwit https://t.co/7c5X45pZLH,lalin
#lalinBDG 17.25 : Jl. Ibrahim Adjie arah Soekarno-Hatta macet. Tetap sabar taruwit https://t.co/7c5X45pZLH,lalin
"17.24: RT @Gilang79: MTC arah Samsat Kiaracondong agak lancar, cuaca  mendung gerimis tipis. #lalinBDG https://t.co/TKmG58om7u",lalin
"RT @PRFMnews: 17.18: RT @yudiajeee: Jalan Soekarno Hatta arah menuju Samsat Kiaracondong lumayan lancar, cuaca gerimis. #lalinBDG https://t‚Ä¶",lalin
"17.18: RT @yudiajeee: Jalan Soekarno Hatta arah menuju Samsat Kiaracondong lumayan lancar, cuaca gerimis. #lalinBDG https://t.co/T1on4df9O1",lalin
17.17: RT @HandiSonjaya: Pelebaran trotoar di Jalan Jenderal Sudirman menjadi sumber baru kemacetan. #lalinBDG,lalin
"17.14: RT @harypentoz: Pelanggaran massal, kalau diklaksonin galakan dia, lokasi di rel KA Kosambi. #lalinBDG https://t.co/UeJR0aNmVO",lalin
#lalinBDG 17.03 : Kiaracondong menuju traffic light Binong macet https://t.co/AFeANokF4n,lalin
"Sore ini pk.16.50 antrian kendaraan sdh mengular di Hasan Saputra &amp; Karawitan. Martanegara mulai padat, cuaca gerimis #lalinBDG @infobdg",lalin
"Sore ini pk.16.50 antrian kendaraan sdh mengular di Hasan Saputra &amp; Karawitan. Martanegara mulai padat, cuaca gerimis #lalinBDG @PRFMnews",lalin
"aduh,,,teu leres pisan. Kedah hati-hati pisan.
#lalinBDG https://t.co/II0VSA9iXh",lalin
#lalinBDG 16.44 : Flyover Kiara Condong arah Binong macet parah. Byk kendaraan putar balik. Hati-hati taruwit https://t.co/alBSqnirFg,lalin
RT @BandungCC2016: 16.03 Arus lalin daerah Antapani terpantau mulai padat ke Soekarno Hatta @PRFMnews @infobdg @tmc_restabesbdg #lalinBDG h‚Ä¶,lalin
RT @PRFMnews: 16.19: RT @BandungCC2016: Arus lalin daerah Moh. Toha - BKR terpantau ramai lancar. cuaca gerimis #LalinBdg https://t.co/Eqjg‚Ä¶,lalin
RT @infobdg: #lalinBDG 16.26 : lalin daerah Ps. Kordon terpantau ada sendatan di bundaran | @BandungCC2016 https://t.co/5fkwV5TF4j,lalin
RT @PRFMnews: 16.25: RT @BandungCC2016: Arus lalin daerah Pasar Kordon terpantau ada sendatan di bundaran #LalinBdg  https://t.co/gVsenH6rSL,lalin
RT @riyantoariss: #lalinBDG dri perempatan gatsu menuju PT Pindad sampai ke RS Pindad macet. ada bberapa mobil yg parkir mengambil bagian j‚Ä¶,lalin
RT @riyantoariss: #lalinBDG dri perempatan gatsu menuju PT Pindad sampai ke RS Pindad macet. ada bberapa mobil yg parkir mengambil bagian j‚Ä¶,lalin
RT @infobdg: #lalinBDG 16.25 : Daerah Soetta-Kiaracondong terpantau padat dan sedang diberlakukan rekayasa | @BandungCC2016 https://t.co/dg‚Ä¶,lalin
16.25: RT @BandungCC2016: Arus lalin daerah Pasar Kordon terpantau ada sendatan di bundaran #LalinBdg  https://t.co/gVsenH6rSL,lalin
#lalinBDG 16.26 : lalin daerah Ps. Kordon terpantau ada sendatan di bundaran | @BandungCC2016 https://t.co/5fkwV5TF4j,lalin
#lalinBDG dri perempatan gatsu menuju PT Pindad sampai ke RS Pindad macet. ada bberapa mobil yg parkir mengambil ba‚Ä¶ https://t.co/vMcsIxFuM0,lalin
16.25 Arus lalin daerah Ps. Kordon terpantau ada sendatan di bundaran @PRFMnews @infobdg @tmc_restabesbdg #lalinBDG https://t.co/idAsfTfpZ2,lalin
#lalinBDG 16.25 : Daerah Soetta-Kiaracondong terpantau padat dan sedang diberlakukan rekayasa | @BandungCC2016 https://t.co/dgd2woQUYw,lalin
16.19: RT @BandungCC2016: Arus lalin daerah Moh. Toha - BKR terpantau ramai lancar. cuaca gerimis #LalinBdg https://t.co/EqjgtMNPq1,lalin
#lalinBDG 16.24 : arus lalin daerah Moh. Toha - BKR terpantau ramai lancar. cuaca gerimis | @BandungCC2016 https://t.co/22R0fkTstS,lalin
16.17: RT @BandungCC2016: arus lalin daerah Soetta-Kiaracondong terpantau padat  #LalinBdg https://t.co/WBBPq14pdi,lalin
16.17: RT @eka_shafia: Antrian di Gatsu ke arah TSM. Langit semi mendung #LalinBdg https://t.co/TO29TUmtKd,lalin
16.15: RT @BandungCC2016: arus lalin daerah Suniaraja terpantau macet #LalinBdg https://t.co/ke7CHg8jtO,lalin
16.11: RT @BandungCC2016: Arus lalin daerah Setiabudi terpantau masih lancar #LalinBdg https://t.co/1IFq83jM0N,lalin
Antrian di Gatsu ke arah TSM. Langit semi mendung #lalinBDG @PRFMnews @tmc_restabesbdg @infobdg https://t.co/X03f4ZT57J,lalin
16.09: RT @MontirBudi: Setiabudi arah ledeng .. macet merayap.. #LalinBdg https://t.co/8ly4FSjFvH,lalin
autocpy3: infobdg: #lalinBDG 16.12 : Arus lalin daerah Setiabudi terpantau masih lancar | BandungCC2016 https://t.co/HzcdL9z7QH,lalin
autocpy3: infobdg: #lalinBDG 16.11 :  Arus lalin daerah Simpang Dago terpantau mulai padat ke arah Dago atas | Ban‚Ä¶ https://t.co/xe06CNlL5O,lalin
autocpy3: infobdg: #lalinBDG 16.11 :  Arus lalin daerah Antapani terpantau mulai padat | BandungCC2016 https://t.co/zCHCRzAF5m,lalin
infobdg: #lalinBDG 16.12 : Arus lalin daerah Setiabudi terpantau masih lancar | BandungCC2016 https://t.co/WM0SxoMPwu,lalin
infobdg: #lalinBDG 16.11 :  Arus lalin daerah Simpang Dago terpantau mulai padat ke arah Dago atas | BandungCC2016  https://t.co/Dxf0fneCfU,lalin
infobdg: #lalinBDG 16.11 :  Arus lalin daerah Antapani terpantau mulai padat | BandungCC2016 https://t.co/vnsbliBicJ,lalin
16.15  surapati arah caheum macet mulai dari jalan gagak cuaca mendung belum hujan @PRFMnews #lalinbdg #cuacabdg,lalin
#lalinBDG 16.12 : Arus lalin daerah Setiabudi terpantau masih lancar | @BandungCC2016 https://t.co/7PUmEGy79c,lalin
#lalinBDG 16.11 :  Arus lalin daerah Simpang Dago terpantau mulai padat ke arah Dago atas | @BandungCC2016  https://t.co/yyaxX8ob9M,lalin
16.11 Arus lalin daerah Setiabudi terpantau masih lancar @PRFMnews @infobdg @tmc_restabesbdg #lalinBDG https://t.co/Xk9zzJQh0h,lalin
#lalinBDG 16.11 :  Arus lalin daerah Antapani terpantau mulai padat | @BandungCC2016 https://t.co/5UpbWA1D9P,lalin
16.05 Cuaca di daerah Kebon Kopi terpantau mulai hujan. @PRFMnews @infobdg @tmc_restabesbdg #lalinBDG https://t.co/cudcxE6YHF,lalin
16.04 Arus lalin daerah Simpang Dago terpantau mulai padat ke arah Dago atas @PRFMnews @infobdg @tmc_restabesbdg‚Ä¶ https://t.co/AsuuImSrEn,lalin
16.03 Arus lalin daerah Antapani terpantau mulai padat ke Soekarno Hatta @PRFMnews @infobdg @tmc_restabesbdg‚Ä¶ https://t.co/wB3aUqEGxv,lalin
RT @infobdg: #lalinBDG 14.23 : Terpantau ada genangan di Pasar Kordon dan depan Surapati Core | @BandungCC2016 https://t.co/x8V0gbzMsC,lalin
RT @infobdg: #lalinBDG 15.39 : Buah Batu arah Soekarno-Hatta padat. Sebaliknya ramai lancar https://t.co/JOEttiB1ox,lalin
#lalinBDG 15.39 : Buah Batu arah Soekarno-Hatta padat. Sebaliknya ramai lancar https://t.co/JOEttiB1ox,lalin
15.09 Arus lalin daerah Kebon Kopi terpantau padat @PRFMnews @infobdg @tmc_restabesbdg #lalinBDG https://t.co/wA1vAjRU1f,lalin
15.07 Arus lalin daerah Cimindi terpantau padat menuju Bandung @PRFMnews @infobdg @tmc_restabesbdg #lalinBDG https://t.co/51JmGKCWPh,lalin
"15:04 RT @vdCloser: Rancaekek arah Bandung mulai gerimis, lalin agak padat pas mau belok ke jalan tol #lalinbdg",lalin
"@PRFMnews @infobdg @tmc_restabesbdg rancaekek arah bandung mulai gerimis, lalin agak padat pas mau belok ke jalan tol #lalinBDG",lalin
RT @infobdg: #lalinBDG 14.34 : lalin daerah Suniaraja - Pasar Baru ABC terpantau padat dan belum turun hujan | @BandungCC2016 https://t.co/‚Ä¶,lalin
RT @infobdg: #lalinBDG 14.23 : Terpantau ada genangan di Pasar Kordon dan depan Surapati Core | @BandungCC2016 https://t.co/x8V0gbzMsC,lalin
RT @infobdg: #lalinBDG 14.34 : lalin daerah Suniaraja - Pasar Baru ABC terpantau padat dan belum turun hujan | @BandungCC2016 https://t.co/‚Ä¶,lalin
RT @infobdg: #lalinBDG 14.34 : lalin daerah Suniaraja - Pasar Baru ABC terpantau padat dan belum turun hujan | @BandungCC2016 https://t.co/‚Ä¶,lalin
14.31: RT @BandungCC2016: Arus lalin Suniaraja - Pasar Baru ABC terpantau padat dan belum turun hujan #lalinBdg https://t.co/4Na7czT2rY,lalin
#lalinBDG 14.34 : lalin daerah Suniaraja - Pasar Baru ABC terpantau padat dan belum turun hujan | @BandungCC2016 https://t.co/IHwG5qzVLy,lalin
14.31 Arus lalin daerah Suniaraja - Pasar Baru ABC terpantau padat dan belum turun hujan @PRFMnews @infobdg‚Ä¶ https://t.co/Et30xPFSAZ,lalin
RT @infobandung: #Sikonbdg | @jurnalbdg: 10:28 Jl.Diponegoro dpn gd sate lancar ada demo guru honorer https://t.co/YZ3WdvhmpZ,lalin
#BandungPunyaCerita #Sikonbdg | jurnalbdg: 10:28 Jl.Diponegoro dpn gd sate lancar ada demo guru honorer https://t.co/afwA1t4mwP,lalin
#Sikonbdg | @jurnalbdg: 10:28 Jl.Diponegoro dpn gd sate lancar ada demo guru honorer https://t.co/YZ3WdvhmpZ,lalin
RT @infobandung: #SikonBdg | @red_AKUMA: Jl.binong arah jl.jakarta tersendat. Ada kecelakaan motor.... üòµ,lalin
#BandungPunyaCerita #SikonBdg | red_AKUMA: Jl.binong arah jl.jakarta tersendat. Ada kecelakaan motor.... üòµ,lalin
#SikonBdg | @red_AKUMA: Jl.binong arah jl.jakarta tersendat. Ada kecelakaan motor.... üòµ,lalin
Cijerah dan sekitarnya mulai hujan disertai guntur. Tetap waspada tweeps #sikonBdg,notlalin
Arcamanik hujan angin #SikonBdg,notlalin
Jl soetta bdg dr MIM ke uninus Macetna juara... (Imbas pengecoran jln Ibrahim adji kircon) #sikonbdg #lalinBDG https://t.co/i8q0DvDhgq,lalin
#BandungPunyaCerita #SikonBdg via anggarizky11: macet di tol purbaleunyi arah bandung dari km 117.kayanya panjang ‚Ä¶ https://t.co/WYN0Gq33ms,lalin
#SikonBdg via @anggarizky11: macet di tol purbaleunyi arah bandung dari km 117.kayanya panjang bgt tp gatau ada apa https://t.co/QYNFPmBiEZ,lalin
"RT @angghara192: @PRFMnews #cuacaBDG kawasan suci turun hujan dengan intensitas ringan, udara dingin #SikonBDG https://t.co/W0CiR5cnai",notlalin
"RT @angghara192: @PRFMnews #cuacaBDG kawasan suci turun hujan dengan intensitas ringan, udara dingin #SikonBDG https://t.co/W0CiR5cnai",notlalin
"@PRFMnews #cuacaBDG kawasan suci turun hujan dengan intensitas ringan, udara dingin #SikonBDG https://t.co/W0CiR5cnai",notlalin
#BandungPunyaCerita #SikonBdg | uwa_jabrig: Soekarno Hatta-Samsat padat. Matak stres https://t.co/sxJMxvIUCk,lalin
#SikonBdg | @uwa_jabrig: Soekarno Hatta-Samsat padat. Matak stres https://t.co/qAKyRj22rv,lalin
#BandungPunyaCerita #SikonBdg | kangdenniP7: Jl ciwastra arah. Pasar kordon carefour macet. https://t.co/UVEiprA2UV,lalin
#BandungPunyaCerita #SikonBdg via PriandikaGrendy: perempatan jalan jakarta padat sekali https://t.co/huILbofqfH,lalin
#SikonBdg | @kangdenniP7: Jl ciwastra arah. Pasar kordon carefour macet. https://t.co/LhudnNqbTo,lalin
#SikonBdg via @PriandikaGrendy: perempatan jalan jakarta padat sekali https://t.co/5lTn9ES90B,lalin
"#BandungPunyaCerita #SikonBdg | dudi_abi: Jl. Laswi arah jl. gatsu #bdg padat ekor di jl sukabumi,, hujan deras https://t.co/7RfAP2kV4Y",lalin
"#BandungPunyaCerita #SikonBdg | linapujaanhati: Cadas pangeran macet
Lagi ada pekerjaan perbaikan jalan
Sabar yah
Tetap ngantri yg tertib",lalin
"#SikonBdg | @dudi_abi: Jl. Laswi arah jl. gatsu #bdg padat ekor di jl sukabumi,, hujan deras https://t.co/LL9kwqDfpx",lalin
"#SikonBdg | @linapujaanhati: Cadas pangeran macet
Lagi ada pekerjaan perbaikan jalan
Sabar yah
Tetap ngantri yg tertib",lalin
"@PRFMnews #cuacaBDG saat ini  kawasan sadang serang dsk, turun hujan dengan intensitas sedang  #sikonBDG https://t.co/S50U7h2my3",lalin
"@PRFMnews #sikonbdg saat ini cuaca kawasan jalan gagak-sadang serang dsk, mendung namun udara cukup panas #cuacaBDG https://t.co/ravA0jeHSI",notlalin
#BandungPunyaCerita #SikonBdg via christantina93: Macet kedua arah jl. Abdurahman saleh.. https://t.co/jVaw6xeNQh,lalin
#SikonBdg via @christantina93: Macet kedua arah jl. Abdurahman saleh.. https://t.co/CeeGJdq86V,lalin
RT @infobandung: #sikonbdg via @mynanamearai: Jl. A.H. Nasution depan mutiara kitchen macet di kedua arah harap bersabar ya... https://t.co‚Ä¶,lalin
#BandungPunyaCerita #sikonbdg via mynanamearai: Jl. A.H. Nasution depan mutiara kitchen macet di kedua arah harap ‚Ä¶ https://t.co/MvVIuFVmbs,lalin
#BandungPunyaCerita #SikonBdg via rizkiaminullah1: GT pasteur arah masuk ada antrian..yg sabar aja tweps.. https://t.co/aA4WwQLOAk,lalin
#sikonbdg via @mynanamearai: Jl. A.H. Nasution depan mutiara kitchen macet di kedua arah harap bersabar ya... https://t.co/gYUhMHIgxq,lalin
#SikonBdg via @rizkiaminullah1: GT pasteur arah masuk ada antrian..yg sabar aja tweps.. https://t.co/m3A1e2Raj5,lalin
"RT @BandungCC2016: 15:07 Jl. Laswi terpantau ada genangan, lalin lancar #lalinBDG #cuacaBDG #SikonBDG @tmc_restabesbdg @dishub_kotabdg @dbm‚Ä¶",lalin
"rt BandungCC2016 15:07 Jl. Laswi terpantau ada genangan, lalin lancar #lalinBDG #cuacaBDG #SikonBDG https://t.co/55CrDxADIi",lalin
"RT @BandungCC2016: 15:07 Jl. Laswi terpantau ada genangan, lalin lancar #lalinBDG #cuacaBDG #SikonBDG @tmc_restabesbdg @dishub_kotabdg @dbm‚Ä¶",lalin
"15:07 Jl. Laswi terpantau ada genangan, lalin lancar #lalinBDG #cuacaBDG #SikonBDG @tmc_restabesbdg @dishub_kotabdg‚Ä¶ https://t.co/vrerCljMf1",lalin
@PRFMnews #SikonBDG  kawasan suci beberapa menit lalu turun hujan namun cerah kembali #CuacaBDG,lalin
"RT @BandungCC2016: 12:53 Jl. Merdeka macet dan hujan, demo masih berlangsung #lalinBDG #cuacaBDG #SikonBDG @PRFMnews @infobdg @infobandung‚Ä¶",lalin
"12:53 Jl. Merdeka macet dan hujan, demo masih berlangsung #lalinBDG #cuacaBDG #SikonBDG @PRFMnews @infobdg‚Ä¶ https://t.co/o2qRy0Ml1z",lalin
RT @PRFMnews: 15.36 RT @BimaRescuer: Live report kondisi Sungai Citepus di jalan muara #SikonBdg https://t.co/7qOA5pgv2N,notlalin
RT @PRFMnews: 16.11: RT @hans_bram: Ahmad Yani cerah+lancar. Duh pemandangan Bandung keren ya #LalinBdg #SikonBdg https://t.co/H0hVB3y8jb,notlalin
